<eml:eml xmlns:eml="eml://ecoinformatics.org/eml-2.1.1"
	xmlns:md="eml://ecoinformatics.org/methods-2.1.1" 
	xmlns:proj="eml://ecoinformatics.org/project-2.1.1"
	xmlns:d="eml://ecoinformatics.org/dataset-2.1.1" 
	xmlns:res="eml://ecoinformatics.org/resource-2.1.1"
	xmlns:dc="http://purl.org/dc/terms/" 
	xmlns:xsi="http://www.w3.org/2001/XMLSchema-instance"
	xsi:schemaLocation="eml://ecoinformatics.org/eml-2.1.1 http://rs.gbif.org/schema/eml-gbif-profile/dev/eml.xsd"
	packageId="162:2015-08-21"
	system="catalogueoflife.org" 
	scope="system" 
	xml:lang="eng">
	<dataset>
		<alternateIdentifier system="catalogueoflife.org">162</alternateIdentifier>

		<title xml:lang="eng">WWW: World Wide Wattle in the Catalogue of Life</title>
		
		<creator>
			<organizationName>Species 2000 &amp; ITIS Catalogue of Life</organizationName>
			<address>
				<city>Reading</city>
				<postalCode>RG6 6AS</postalCode>
				<country>UK</country>
			</address>
			<onlineUrl>http://www.catalogueoflife.org</onlineUrl>
		</creator>

		<metadataProvider>
			<organizationName>Species 2000 Secretariat</organizationName>
			<address>
				<city>Reading</city>
				<country>UK</country>
			</address>
			<onlineUrl>http://www.sp2000.org/</onlineUrl>
		</metadataProvider>

		<associatedParty>
			<individualName>
				<givenName></givenName>
				<surName>Maslin B.</surName>					
			</individualName>
			<role>editor</role>
		</associatedParty>
		
		<pubDate>2015-08-10</pubDate>

		<language>eng</language>
	
		<abstract>
			<para>Includes all currently accepted names in Acacia s.l. together with commonly used synonyms (mostly basionyms). Full synonymy is not included yet. Distribution information is provided, but apart from Australia, these data are of a general nature.</para>
		</abstract>
		
		<distribution scope="document">
			<online>
				<url function="information">http://www.worldwidewattle.com/</url>
			</online>
		</distribution>
		
		<contact>
			<organizationName>Species 2000 Secretariat</organizationName>
			<address>
				<deliveryPoint>Harborne Building, The University of Reading</deliveryPoint>
				<city>Reading RG6 6AS</city>
				<country>UK</country>
			</address>
			<phone>+44(0)1183786466</phone>
			<electronicMailAddress>support@sp2000.org</electronicMailAddress>
		</contact>		
	</dataset>
	
	<additionalMetadata>
		<metadata>
			<gbif>
				<dateStamp>2015-08-21T19:50:45+02:00</dateStamp>
				<citation identifier="http://www.mapress.com/phytotaxa/content/2011/f/pt00019p054.pdf" >Species 2000 &amp; ITIS Catalogue of Life: 10th August 2015, WWW</citation>
				<resourceLogoUrl>images/databases/WWW.png</resourceLogoUrl>
			</gbif>
			
			<sourceDatabase>
				<abbreviatedName>WWW</abbreviatedName>
				<authorsAndEditors>Maslin B.</authorsAndEditors>
				<version>1.0</version>
			</sourceDatabase>
		</metadata>
	</additionalMetadata>
</eml:eml>