<eml:eml xmlns:eml="eml://ecoinformatics.org/eml-2.1.1"
	xmlns:md="eml://ecoinformatics.org/methods-2.1.1" 
	xmlns:proj="eml://ecoinformatics.org/project-2.1.1"
	xmlns:d="eml://ecoinformatics.org/dataset-2.1.1" 
	xmlns:res="eml://ecoinformatics.org/resource-2.1.1"
	xmlns:dc="http://purl.org/dc/terms/" 
	xmlns:xsi="http://www.w3.org/2001/XMLSchema-instance"
	xsi:schemaLocation="eml://ecoinformatics.org/eml-2.1.1 http://rs.gbif.org/schema/eml-gbif-profile/1.0.2/eml.xsd"
	packageId="2015-08-10"
	system="catalogueoflife.org" 
	scope="system" 
	xml:lang="eng">

	<dataset>
		<alternateIdentifier>ISSN 1473-009X</alternateIdentifier>

		<title xml:lang="eng">Catalogue of Life</title>
		
		<creator>
			<organizationName>The Catalogue of Life</organizationName>
			<address>
				<city>Reading</city>
				<postalCode>RG6 6AS</postalCode>
				<country>UK</country>
			</address>
			<onlineUrl>http://www.catalogueoflife.org</onlineUrl>
		</creator>
		
		<metadataProvider>
			<organizationName>The Catalogue of Life</organizationName>
			<address>
				<city>Reading</city>
      	<postalCode>RG6 6AS</postalCode>
				<country>UK</country>
			</address>
			<onlineUrl>http://www.sp2000.org/</onlineUrl>
		</metadataProvider>
		
		<associatedParty>
			<individualName>
				<givenName>Yuri</givenName>
				<surName>Roskov</surName>					
			</individualName>
			<organizationName>CoL Secretariat, University of Reading</organizationName>
			<address>
				<city>Reading</city>
				<country>UK</country>
			</address>			
			<role>Catalogue of Life Executive Editor</role>
		</associatedParty>
		
		<associatedParty>
			<individualName>
				<givenName>Thomas</givenName>
				<surName>Kunze</surName>					
			</individualName>
			<organizationName>CoL Secretariat, University of Reading</organizationName>
			<address>
				<city>Reading</city>
				<country>UK</country>
			</address>			
			<role>Catalogue of Life Editorial Assistant</role>
		</associatedParty>
		
		<associatedParty>
			<individualName>
				<givenName>Luvie</givenName>
				<surName>Paglinawan</surName>					
			</individualName>
			<organizationName>CoL Philippines Office</organizationName>
			<address>
				<city>Los Baños</city>
				<country>Philippines</country>
			</address>			
			<role>Catalogue of Life Database Manager</role>
		</associatedParty>		

		<associatedParty>
			<individualName>
				<givenName>Thomas</givenName>
				<surName>Orrell</surName>					
			</individualName>
			<organizationName>ITIS Secretariat, Smithsonian Institution</organizationName>
			<address>
				<city>Washington DC</city>
				<country>USA</country>
			</address>			
			<role>ITIS Deputy Director</role>
		</associatedParty>

		<associatedParty>
			<individualName>
				<givenName>David</givenName>
				<surName>Nicolson</surName>					
			</individualName>
			<organizationName>USGS/Smithsonian Institution</organizationName>
			<address>
				<city>Washington DC</city>
				<country>USA</country>
			</address>			
			<role>ITIS Data Development Leader</role>
		</associatedParty>
    
    	<associatedParty>
			<individualName>
				<givenName>Alastair</givenName>
				<surName>Culham</surName>					
			</individualName>
			<organizationName>University of Reading</organizationName>
			<address>
				<city>Reading</city>
				<country>UK</country>
			</address>			
			<role>PI for i4Life EC project at the CoL Secretariat</role>
		</associatedParty>
    
    	<associatedParty>
			<individualName>
				<givenName>Nicolas</givenName>
				<surName>Bailly</surName>					
			</individualName>
			<organizationName>CoL Philippines Office, FIN</organizationName>
			<address>
				<city>Los Baños</city>
				<country>Philippines</country>
			</address>			
			<role>Taxonomic Editorial Advisor for Marine sectors</role>
		</associatedParty> 
		
    	<associatedParty>
			<individualName>
				<givenName>Paul</givenName>
				<surName>Kirk</surName>					
			</individualName>
			<organizationName>CABI</organizationName>
			<address>
				<city>Egham</city>
				<country>UK</country>
			</address>			
			<role>Taxonomic Editorial Advisor for Fungi and Chromista sectors</role>
		</associatedParty> 
    
    	<associatedParty>
			<individualName>
				<givenName>Thierry</givenName>
				<surName>Bourgoin</surName>					
			</individualName>
			<organizationName>Museum National d'Histoire Naturelle</organizationName>
			<address>
				<city>Paris</city>
				<country>France</country>
			</address>			
			<role>Taxonomic Editorial Advisor for Insects</role>
		</associatedParty> 
    
    	<associatedParty>
			<individualName>
				<givenName>Guy</givenName>
				<surName>Baillargeon</surName>					
			</individualName>
			<organizationName>Agriculture and Agri-Food Canada</organizationName>
			<address>
				<city>Ottawa</city>
				<country>Canada</country>
			</address>			
			<role>Taxonomic Editorial Advisor for Plants</role>
		</associatedParty>        		

    	<associatedParty>
			<individualName>
				<givenName>Francisco</givenName>
				<surName>Hernandez</surName>					
			</individualName>
			<organizationName>Flanders Marine Data Centre, VLIZ</organizationName>
			<address>
				<city>Oostende</city>
				<country>Belgium</country>
			</address>			
			<role>Taxonomic Editorial Advisor for Marine sectors</role>
		</associatedParty>

    	<associatedParty>
			<individualName>
				<givenName>Aaike</givenName>
				<surName>De Wever</surName>					
			</individualName>
			<organizationName>FADA, Royal Belgian Institute of Natural Sciences</organizationName>
			<address>
				<city>Brussels</city>
				<country>Belgium</country>
			</address>			
			<role>Taxonomic Editorial Advisor for freshwater taxa</role>
		</associatedParty>		
		
		<associatedParty>
			<individualName>
				<givenName>Luvie</givenName>
				<surName>Paglinawan</surName>					
			</individualName>		
			<organizationName>CoL Philippines Office, FIN</organizationName>
			<address>
				<city>Los Baños</city>
				<country>Philippines</country>
			</address>			
			<role>Catalogue of Life Database Manager</role>			
		</associatedParty>
		
		<associatedParty>
			<individualName>
				<givenName>Luisa</givenName>
				<surName>Abucay</surName>					
			</individualName>		
			<organizationName>CoL Philippines Office, FIN</organizationName>
			<address>
				<city>Los Baños</city>
				<country>Philippines</country>
			</address>			
			<role>Assistant to the CoL Database Manager</role>			
		</associatedParty>
		
		<associatedParty>
			<individualName>
				<givenName>Viktoras</givenName>
				<surName>Didžiulis</surName>					
			</individualName>		
			<organizationName>University of Reading</organizationName>
			<address>
				<city>Reading</city>
				<country>UK</country>
			</address>			
			<role>Systems Manager &amp; Developer at the CoL Secretariat</role>			
		</associatedParty>

		<associatedParty>
			<individualName>
				<givenName>Wouter</givenName>
				<surName>Addink</surName>					
			</individualName>				
			<organizationName>Naturalis-ETI</organizationName>
			<address>
				<city>Leiden</city>
				<country>Netherlands</country>
			</address>			
			<role>Leader of the Annual Checklist Software Development and Software Production</role>
		</associatedParty>
		
		<associatedParty>
			<individualName>
				<givenName>Ruud</givenName>
				<surName>Altenburg</surName>					
			</individualName>				
			<organizationName>Naturalis-ETI</organizationName>
			<address>
				<city>Leiden</city>
				<country>Netherlands</country>
			</address>			
			<role>Author of Base Schema Conversion Software</role>
		</associatedParty>
		
		<associatedParty>
			<individualName>
				<givenName>Ayco</givenName>
				<surName>Holleman</surName>					
			</individualName>				
			<organizationName>Naturalis-ETI</organizationName>
			<address>
				<city>Leiden</city>
				<country>Netherlands</country>
			</address>			
			<role>Annual Checklist Assembly ICT Infrastructure Development</role>
		</associatedParty>
    
		<associatedParty>
			<individualName>
				<givenName>Gideon</givenName>
				<surName>Gijswijt</surName>					
			</individualName>				
			<organizationName>Naturalis-ETI</organizationName>
			<address>
				<city>Leiden</city>
				<country>Netherlands</country>
			</address>			
			<role>Annual Checklist DVD Master and Installation Development</role>
		</associatedParty>		    		
    
		<associatedParty>
			<individualName>
				<givenName>Viktoras</givenName>
				<surName>Didžiulis</surName>					
			</individualName>				
			<organizationName>University of Reading</organizationName>
			<address>
				<city>Reading</city>
				<country>UK</country>
			</address>			
			<role>Design of the data assembly workflow, author of the CoL Workbench at Reading</role>
		</associatedParty>	

		<associatedParty>			
			<individualName>
				<givenName>Dennis</givenName>
				<surName>Seijts</surName>					
			</individualName>
			<organizationName>Former employee at ETI BioInformatics</organizationName>
			<address>
				<city>Leiden</city>
				<country>Netherlands</country>
			</address>			
			<role>Former Annual Checklist Interface Developer</role>			
		</associatedParty>
    
		<associatedParty>
			<individualName>
				<givenName>Núria</givenName>
				<surName>Torrescasana Aloy</surName>					
			</individualName>				
			<organizationName>Former employee at ETI BioInformatics</organizationName>
			<address>
				<city>Amsterdam</city>
				<country>Netherlands</country>
			</address>			
			<role>Former author of the Annual Checklist Software</role>
		</associatedParty>	        		
		
		<associatedParty>
			<individualName>
				<givenName>Jorrit</givenName>
				<surName>van Hertum</surName>					
			</individualName>				
			<organizationName>Former employee at ETI BioInformatics</organizationName>
			<address>
				<city>Amsterdam</city>
				<country>Netherlands</country>
			</address>			
			<role>Former author of the Annual Checklist Software</role>
		</associatedParty>	
		
		<associatedParty>
			<individualName>
				<givenName>Richard</givenName>
				<surName>White</surName>					
			</individualName>				
			<organizationName>Cardiff University</organizationName>
			<address>
				<city>Cardiff</city>
				<country>UK</country>
			</address>			
			<role>Former author of the Taxon Matcher Software and LSID Resolver</role>
		</associatedParty>
		
		<associatedParty>
			<individualName>
				<givenName>Paul</givenName>
				<surName>Klinkenberg</surName>					
			</individualName>				
			<organizationName>Former employee at ETI Bioinformatics</organizationName>
			<address>
				<city>Amsterdam</city>
				<country>Netherlands</country>
			</address>			
			<role>Annual Checklist booklet design and DVD production</role>
		</associatedParty>		

		<pubDate>2015-08-10</pubDate>
		
		<language>eng</language>
		
		<abstract>
			<para>This release of the Catalogue of Life contains contributions from 156 databases with information on 1,619,307 species, 150,353 infraspecific taxa and also includes 1,324,396 synonyms and 329,270 common names covering the following groups:</para>
			<para>Viruses * Viruses and Subviral agents from ICTV_MSL
Bacteria and Archaea from BIOS
Chromista * Chromistan fungi from Species Fungorum
Protozoa * Major groups from ITIS Regional, * Ciliates from CilCat, * Polycystines from WoRMS Polycystina UPDATED!, * Protozoan fungi from Species Fungorum and Trichomycetes database * Slime moulds from Nomen.eumycetozoa.com
Fungi * Various taxa in whole or in part from CABI Bioservices databases (Species Fungorum, Phyllachorales, Rhytismatales, Saccharomycetes and Zygomycetes databases) and from three other databases covering Xylariaceae, Glomeromycota, Trichomycetes, Dothideomycetes * Lichens from LIAS
Plantae (Plants) * Mosses from MOST * Liverworts and hornworts from ELPT * Conifers from Conifer Database * Cycads and 6 flowering plant families from IOPI-GPC, and 99 families from WCSP * Plus individual flowering plants families from AnnonBase, Brassicaceae, ChenoBase, Droseraceae Database, EbenaBase, GCC, ILDIS, LecyPages, LHD, MELnet, RJB Geranium, Solanaceae Source, Umbellifers.
Animalia (Animals) * Marine groups from URMO, ITIS Global, Hexacorals, ETI WBD (Euphausiacea), WoRMS: WoRMS Asteroidea UPDATED!, WoRMS Bochusacea UPDATED!, WoRMS Brachiopoda UPDATED!, WoRMS Brachypoda UPDATED!, WoRMS Brachyura UPDATED!, WoRMS Bryozoa UPDATED!, WoRMS Cestoda UPDATED!, WoRMS Chaetognatha UPDATED!, WoRMS Cumacea UPDATED!, WoRMS Echinoidea UPDATED!, WoRMS Gastrotricha UPDATED!, WoRMS Gnathostomulida UPDATED!, WoRMS Holothuroidea UPDATED!, WoRMS Hydrozoa UPDATED!, WoRMS Isopoda UPDATED!, WoRMS Leptostraca UPDATED!, WoRMS Monogenea UPDATED!, WoRMS Mystacocarida UPDATED!, WoRMS Myxozoa UPDATED!, WoRMS Nemertea UPDATED!, WoRMS Oligochaeta UPDATED!, WoRMS Ophiuroidea UPDATED!, WoRMS Phoronida UPDATED!, WoRMS Placozoa UPDATED!, WoRMS Polychaeta UPDATED!, WoRMS Polycystina UPDATED!, WoRMS Porifera UPDATED!, WoRMS Priapulida UPDATED!, WoRMS Proseriata-Kalyptorhynchia UPDATED!, WoRMS Remipedia UPDATED!, WoRMS Scaphopoda UPDATED!, WoRMS Tanaidacea UPDATED!, WoRMS Tantulocarida UPDATED!, WoRMS Thermosbaenacea UPDATED!, WoRMS Trematoda UPDATED!, WoRMS Xenoturbellida UPDATED! * Rotifers, mayflies, freshwater hairworms, planarians from FADA databases: FADA Rotifera, FADA Ephemeroptera, FADA Nematomorpha &amp; FADA Turbellaria * Entoprocts, water bears from ITIS Global * Spiders, scorpions, ticks &amp; mites from SpidCat via ITIS, SalticidDB , ITIS Global, TicksBase, SpmWeb BdelloideaBase UPDATED! &amp; Mites GSDs: OlogamasidBase, PhytoseiidBase, RhodacaridBase &amp; TenuipalpidBase * Diplopods, centipedes, pauropods and symphylans from SysMyr UPDATED! &amp; ChiloBase * Dragonflies and damselflies from Odonata database * Stoneflies from PlecopteraSF * Cockroaches from BlattodeaSF * Praying mantids from MantodeaSF * Stick and leaf insects from PhasmidaSF * Grasshoppers, locusts, katydids and crickets from OrthopteraSF * Webspinners from EmbiopteraSF * Bark &amp; parasitic lices from PsocodeaSF * Some groups of true bugs from ScaleNet, FLOW, COOL, Psyllist, AphidSF , MBB, 3i Cicadellinae, 3i Typhlocybinae, MOWD &amp; CoreoideaSF* Twisted-wing parasites from Strepsiptera Database * Lacewings, antlions, owlflies, fishflies, dobsonflies &amp; snakeflies from LDL Neuropterida * Some beetle groups from the Scarabs UPDATED!, TITAN, WTaxa &amp; ITIS Global * Fleas from Parhost * Flies, mosquitoes, bots, midges and gnats from Systema Dipterorum, CCW &amp; CIPA * Butterflies and moths from LepIndex, GloBIS (GART), Tineidae NHM, World Gracillariidae * Bees &amp; wasps from ITIS Bees, Taxapad Ichneumonoidea, UCD, ZOBODAT Vespoidea &amp; HymIS Rhopalosomatidae* Molluscs from WoRMS Mollusca UPDATED!, FADA Bivalvia, MolluscaFW &amp; AFD (Pulmonata) * Fishes from FishBase * Reptiles from ReptileDB UPDATED! * Amphibians, birds and mammals from ITIS Global PLUS additional species of many groups from ITIS Regional, NZIB and CoL China</para>
		</abstract>
		
		<intellectualRights>
			<para>¬© 2015, Species 2000</para>
			<para>This online database is copyrighted by Species 2000 on behalf of the Catalogue of Life partners.</para>
			<para>Use of the content (such as the classification, synonymic species checklist, and scientific names) for publications and databases by individuals and organizations for not-for-profit usage is encouraged, on condition that full and precise credit is given at three levels on all occasions that records are shown. The three-part credit includes the complete work, the contributing database of the record, and the expert who provides taxonomic scrutiny of the individual record. For example, these might be as follows:
				
				1) Species 2000 &amp; ITIS Catalogue of Life: 2013 Annual Checklist,
				2) The full or short name of the contributing database, such as: Coreoidea Species File or CoreoideaSF,
				3) When provided, the latest taxonomic scrutiny field (specialist name &amp; date), such as Lohrmann V. &amp; Kroupa A.S., 05-Oct-2012 (from HymIS Rhopalosomatidae) or Barber-James H., Sartori M., Gattolliat J.L. &amp; Webb J., Feb-2013 (from FADA Ephemeroptera).
				This three-part credit can in many cases be kept brief by using a standard form and one or more logos as in the following example: "Species recognized by J. van Tol, Odonata database, ver. Dec 2011 in ". You may copy the Catalogue of Life logo from this example, on the DVD and web versions, for use in giving credit.
				
				If you wish to use the content on a public portal or webpage you are required to notify the Species 2000 Secretariat, both to request written permission and to assist with a check that the correct credits are given.
			</para>
			<para>Commercial Use				
				Use of this compilation or any of the databases contained within it by commercial organisations requires a written agreement from Species 2000 and ITIS. This applied when it is used commercially for external services, products or publications and when it is used to provide internal services within an organisation.
			</para>
			<!-- not sure if a disclaimer is IPR, but wont hurt to include it -->
			<para>Disclaimer				
				The Species 2000 &amp; ITIS Catalogue of Life editorial board cannot guarantee the accuracy or completeness of the information in this edition. Be aware that the Catalogue of Life is still incomplete and undoubtedly contains errors. Neither Species 2000 &amp; ITIS nor any contributing database can be made liable for any direct or indirect damage arising out of the use of Catalogue of Life.
			</para>
		</intellectualRights>
		
		<distribution scope="document">
			<online>
				<url function="information">http://www.catalogueoflife.org/</url>
			</online>
		</distribution>
		
		<coverage>
			<geographicCoverage>
				<geographicDescription>Global</geographicDescription>
			</geographicCoverage>
			
			<taxonomicCoverage>
				<generalTaxonomicCoverage>This release of the Catalogue of Life contains contributions from 156 databases with information on 1,619,307 species, 150,353 infraspecific taxa and also includes 1,324,396 synonyms and 329,270 common names.</generalTaxonomicCoverage>
				<taxonomicClassification>
					<taxonRankName>Kingdom</taxonRankName>
					<taxonRankValue>Viruses</taxonRankValue>
				</taxonomicClassification>
				<taxonomicClassification>
					<taxonRankName>Kingdom</taxonRankName>
					<taxonRankValue>Bacteria</taxonRankValue>
				</taxonomicClassification>
				<taxonomicClassification>
					<taxonRankName>Kingdom</taxonRankName>
					<taxonRankValue>Archaea</taxonRankValue>
				</taxonomicClassification>
				<taxonomicClassification>
					<taxonRankName>Kingdom</taxonRankName>
					<taxonRankValue>Chromista</taxonRankValue>
				</taxonomicClassification>
				<taxonomicClassification>
					<taxonRankName>Kingdom</taxonRankName>
					<taxonRankValue>Protozoa</taxonRankValue>
				</taxonomicClassification>
				<taxonomicClassification>
					<taxonRankName>Kingdom</taxonRankName>
					<taxonRankValue>Fungi</taxonRankValue>
				</taxonomicClassification>
				<taxonomicClassification>
					<taxonRankName>Kingdom</taxonRankName>
					<taxonRankValue>Plantae</taxonRankValue>
				</taxonomicClassification>
				<taxonomicClassification>
					<taxonRankName>Kingdom</taxonRankName>
					<taxonRankValue>Animalia</taxonRankValue>
				</taxonomicClassification>
			</taxonomicCoverage>			
		</coverage>
		
		<contact>
			<organizationName>Species 2000 Secretariat</organizationName>
			<address>
				<deliveryPoint>Harborne Building, The University of Reading</deliveryPoint>
				<city>Reading RG6 6AS</city>
				<country>UK</country>
			</address>
			<phone>+44(0)1183786466</phone>
			<electronicMailAddress>support@sp2000.org</electronicMailAddress>
		</contact>
		
	</dataset>
	
	<additionalMetadata>
		<metadata>
			<gbif>
				<dateStamp>2015-08-21T19:46:00+02:00</dateStamp>
				<citation identifier="ISSN 1473-009X">Species 2000 &amp; ITIS Catalogue of Life: 10th August 2015, Catalogue of Life</citation>
				<resourceLogoUrl>images/databases/Species_2000_Common_Names.gif</resourceLogoUrl>				
			</gbif>
		</metadata>
	</additionalMetadata>
</eml:eml>